path,size_bytes,sha256,cdn_url
"HW_Configure_PinPad.jpg",989672,d8ec039096f92222911496641c9242da0870e4b5284a3ddccb4412b0fe94292c,"https://cdn.jsdelivr.net/gh/quickveemktg/quickvee-help-assets@main/HW_Configure_PinPad.jpg"
"HW_Connecting_PinPad_Ethernet.jpg",1007925,fe0dd31f4a644a338d3d7d29736fe572bbc481fd12012df9688d9174a56cbb56,"https://cdn.jsdelivr.net/gh/quickveemktg/quickvee-help-assets@main/HW_Connecting_PinPad_Ethernet.jpg"
"HW_Hardware_Four_Tabs.jpg",909477,1b2748df2f2237b8d15d68b2f195b758a7441b5bb45961650268a5a9c1da15c5,"https://cdn.jsdelivr.net/gh/quickveemktg/quickvee-help-assets@main/HW_Hardware_Four_Tabs.jpg"
"HW_Instore_Setup_Printer.jpg",883308,63f2217d1a241335345f2ce7e7227f5028fa7c11e8db8347158b3c6f6def344d,"https://cdn.jsdelivr.net/gh/quickveemktg/quickvee-help-assets@main/HW_Instore_Setup_Printer.jpg"
"HW_Option1_Port_Number.jpg",832339,42022bed274b91b8cd6c65d5eba062055ee6ddccf6ff0927094145ee6b9114f5,"https://cdn.jsdelivr.net/gh/quickveemktg/quickvee-help-assets@main/HW_Option1_Port_Number.jpg"
"HW_Option2_Serial_Number.jpg",956016,f878e1c942f6327fa01f5eefb7c4320bbdc3f981831c97d3f721890e58747589,"https://cdn.jsdelivr.net/gh/quickveemktg/quickvee-help-assets@main/HW_Option2_Serial_Number.jpg"
"HW_Option3_Custom_Setup.jpg",981453,97e0b2e113e5ea82afba4cc553d548d01e64640d212eb8d0c0ce346fe4dc284f,"https://cdn.jsdelivr.net/gh/quickveemktg/quickvee-help-assets@main/HW_Option3_Custom_Setup.jpg"
"HW_POS_Home_Station_Settings.jpg",904500,128fcb0c9936b8a7f0e71503d41b85d4f2e51559d1a61d7ad26154e0a16c49e1,"https://cdn.jsdelivr.net/gh/quickveemktg/quickvee-help-assets@main/HW_POS_Home_Station_Settings.jpg"
"HW_Printer_Actions.jpg",889028,aa2bc2fffeb36c929e3971145699d069f80ea796c99bd4d5ddd2ee067729ce77,"https://cdn.jsdelivr.net/gh/quickveemktg/quickvee-help-assets@main/HW_Printer_Actions.jpg"
"HW_Selecting_Printer.jpg",882471,b764eec4354233123dd9fac7310b38c21f4e1ab903f71f7cc7e5b43760f714a7,"https://cdn.jsdelivr.net/gh/quickveemktg/quickvee-help-assets@main/HW_Selecting_Printer.jpg"
"HW_Selecting_Printers_Warning.jpg",827338,bfeb734933167a10ea87929162c82c9131872df9ee18699594a3ce324673d731,"https://cdn.jsdelivr.net/gh/quickveemktg/quickvee-help-assets@main/HW_Selecting_Printers_Warning.jpg"
"HW_Settlement_Settings.jpg",983457,e6c4a496509db1b43540ddba10e9660f8142d67aeb5e296f6815c3f3993bb149,"https://cdn.jsdelivr.net/gh/quickveemktg/quickvee-help-assets@main/HW_Settlement_Settings.jpg"
"HW_Setup_Label_Printer.jpg",789240,a5463b983adb8cab57e6d22690e7fce0c032ef09bea6f48d033eb785c8075c22,"https://cdn.jsdelivr.net/gh/quickveemktg/quickvee-help-assets@main/HW_Setup_Label_Printer.jpg"
"HW_Station_Settings_Hardware.jpg",884052,6e39e2d4ab8e28bd661c3a863dfc6d210262b234cb560507768cb667d9c79d88,"https://cdn.jsdelivr.net/gh/quickveemktg/quickvee-help-assets@main/HW_Station_Settings_Hardware.jpg"
"HW_Tap_Check_Label.jpg",780764,f67bf386eed477144374594c27c84e03e63b953d64f16bff820c7328e85b55b3,"https://cdn.jsdelivr.net/gh/quickveemktg/quickvee-help-assets@main/HW_Tap_Check_Label.jpg"
"HW_Tip_Settings.jpg",977856,14922fdcb0f0494e2c4fcdb196251bfaf9a20895e05a260b782fc58f9183e7f1,"https://cdn.jsdelivr.net/gh/quickveemktg/quickvee-help-assets@main/HW_Tip_Settings.jpg"
"HW_USB_Connection.jpg",996905,d479e918e2cbb7ad0ad44bea3d56fa31c6083a0cac1169cc26fd043d158474fc,"https://cdn.jsdelivr.net/gh/quickveemktg/quickvee-help-assets@main/HW_USB_Connection.jpg"
"MM-255_Deleting_Held_Basket.jpg",791013,f322ac797409abc9997e112fe58f5e6eacfe605994b0d082f678004c9a5cda9b,"https://cdn.jsdelivr.net/gh/quickveemktg/quickvee-help-assets@main/MM-255_Deleting_Held_Basket.jpg"
"MM-255_Enter_required_details.jpg",834792,b3858fdc94c6fdb47fdd43211b17d94d7c423d3b3499097d2ab90f4a786709b7,"https://cdn.jsdelivr.net/gh/quickveemktg/quickvee-help-assets@main/MM-255_Enter_required_details.jpg"
"MM-255_Held_counter_updates.jpg",888097,92bf871ed365661e47ea05d9201ddb8ae62a3fbe5dd5d932cc97c1fa8b2a010a,"https://cdn.jsdelivr.net/gh/quickveemktg/quickvee-help-assets@main/MM-255_Held_counter_updates.jpg"
"MM-255_Hold_Current_Basket_popup.jpg",910318,6a8ac9d3137e9dd035257a9d00153159c5c752a220863f81aded9da57c7c9835,"https://cdn.jsdelivr.net/gh/quickveemktg/quickvee-help-assets@main/MM-255_Hold_Current_Basket_popup.jpg"
"MM-255_Holding_the_Current_Basket.jpg",954088,664cc5e0a5bd0a1634524f18baa5cf5612c87c95a299562776709d2fb229e26c,"https://cdn.jsdelivr.net/gh/quickveemktg/quickvee-help-assets@main/MM-255_Holding_the_Current_Basket.jpg"
"MM-255_Restoring_Tap_Held.jpg",891997,55a5a8c30a608e626f289f92233c4a4293b0d5aaaa4c4fa12df5832e3a3640bd,"https://cdn.jsdelivr.net/gh/quickveemktg/quickvee-help-assets@main/MM-255_Restoring_Tap_Held.jpg"
"MM-255_Select_Transaction_popup.jpg",833361,be614aaaf33bbc9e4abbec42effc4a866edf2c3bb7c93fb3547bd953df7897e9,"https://cdn.jsdelivr.net/gh/quickveemktg/quickvee-help-assets@main/MM-255_Select_Transaction_popup.jpg"
"MM-255_Select_basket_green_border.jpg",787454,ed98279ec97fad39b6a46e302253540adb79a22176f06bcb47e5e9ae0c6ac75b,"https://cdn.jsdelivr.net/gh/quickveemktg/quickvee-help-assets@main/MM-255_Select_basket_green_border.jpg"
"MM-255_Tap_Restore.jpg",804948,2d46aba189a728d3aa9f994809c2bbc3ea3fd46a27df52a629b0d8929fdb300d,"https://cdn.jsdelivr.net/gh/quickveemktg/quickvee-help-assets@main/MM-255_Tap_Restore.jpg"
"MM-255_Tap_Save_Basket.jpg",848080,a1f6987f6bf3002e2d8fc906f4ed26d1a1e7565ebc13c4fda9f119c224de6d64,"https://cdn.jsdelivr.net/gh/quickveemktg/quickvee-help-assets@main/MM-255_Tap_Save_Basket.jpg"
"MM-260_Receipt_Template-01.png",536892,8a029ba3436277601fb268716d554f09ab797d34283d9cd447668e39042b0bdf,"https://cdn.jsdelivr.net/gh/quickveemktg/quickvee-help-assets@main/MM-260_Receipt_Template-01.png"
"MM-260_Receipt_Template-02.png",454338,bf2545d27e676c779ce5458fba2e79db9e2e7b31e77061270004c0a7e3860ad5,"https://cdn.jsdelivr.net/gh/quickveemktg/quickvee-help-assets@main/MM-260_Receipt_Template-02.png"
"MM-260_Receipt_Template-03.png",457499,bcdd33c2ac5d42d065aae675b2f25ad62ff0d17aa4bf48ae8ff5794e1ba8823d,"https://cdn.jsdelivr.net/gh/quickveemktg/quickvee-help-assets@main/MM-260_Receipt_Template-03.png"
"MM-260_Receipt_Template-04.png",310467,a4903eab9f485cbcd9a2f87c12c044a39d29d30759367e434b8964b09299b208,"https://cdn.jsdelivr.net/gh/quickveemktg/quickvee-help-assets@main/MM-260_Receipt_Template-04.png"
"MM-260_Receipt_Template-05.png",330464,2bcf21f3720620dbdf8253d049d194532f8597a29685335db2c375526a5509fb,"https://cdn.jsdelivr.net/gh/quickveemktg/quickvee-help-assets@main/MM-260_Receipt_Template-05.png"
"MM-260_Receipt_Template-06.png",298457,c2350f73d2578a4688de0209a5912540071871d2d4b48419b534bb737025e43c,"https://cdn.jsdelivr.net/gh/quickveemktg/quickvee-help-assets@main/MM-260_Receipt_Template-06.png"
"MM-261-01.png",113101,3c4c48c541df304103e76f5665437a53aae702f8eefb8308069af31e3a2cdc40,"https://cdn.jsdelivr.net/gh/quickveemktg/quickvee-help-assets@main/MM-261-01.png"
"MM-261-02.png",150231,76034a05995224bbda672c5c30f7069d76029826874f52ac43d5439d789f1800,"https://cdn.jsdelivr.net/gh/quickveemktg/quickvee-help-assets@main/MM-261-02.png"
"MM-261-03.png",147453,7fee8ef83cc91693187dd8e23d696fbd6ac8c88dad7ff45318bd8662d070798b,"https://cdn.jsdelivr.net/gh/quickveemktg/quickvee-help-assets@main/MM-261-03.png"
"MM-261-04.png",141432,6d16aa8a56de493a64761df808bfb3e1cd59617b4b8cf34344388e0e185f5575,"https://cdn.jsdelivr.net/gh/quickveemktg/quickvee-help-assets@main/MM-261-04.png"
"MM-261-05.png",462588,98ae6fdaf1acca964c9ad7827ed3d4741295a7ef025b8649f6a054dc87624434,"https://cdn.jsdelivr.net/gh/quickveemktg/quickvee-help-assets@main/MM-261-05.png"
"MM-261-06.png",134268,62f60210c8916cf3417e17bc40611063b83fec3627dd261f1590d5ec6a4790b9,"https://cdn.jsdelivr.net/gh/quickveemktg/quickvee-help-assets@main/MM-261-06.png"
"MM-261-07.png",143885,fd775a74cfc5d77a2546b32f29b1067d8ba067be88be3ef5bfcfd397617b0b96,"https://cdn.jsdelivr.net/gh/quickveemktg/quickvee-help-assets@main/MM-261-07.png"
"MM-261-08.png",140260,971a9e9264a587fee86c03c536689517ea2ca6ab912d0c458c10631f46ec6c93,"https://cdn.jsdelivr.net/gh/quickveemktg/quickvee-help-assets@main/MM-261-08.png"
"MM-261-09.png",173266,143d16365f8582b0ca11b1ef7f54770adc175a595b22611e1f4f36872cc4d34e,"https://cdn.jsdelivr.net/gh/quickveemktg/quickvee-help-assets@main/MM-261-09.png"
"MM-271-01.jpg",793624,5abf631b9c493af61a505456cdece5fff4c63e8735376552468e722b1b5c8f5e,"https://cdn.jsdelivr.net/gh/quickveemktg/quickvee-help-assets@main/MM-271-01.jpg"
"MM-271-02.jpg",491934,180d3c41c33e0dc4bc14670e67392af6052feb42c6fb7b37967e000c317d9435,"https://cdn.jsdelivr.net/gh/quickveemktg/quickvee-help-assets@main/MM-271-02.jpg"
"MM-271-03.jpg",551338,aa88522c66893e7fffa249da8f76deee811dddbf1918383d0cacfc1112358089,"https://cdn.jsdelivr.net/gh/quickveemktg/quickvee-help-assets@main/MM-271-03.jpg"
"MM-271-04.jpg",603632,d71b81e50c352c2933149d8b084aa7cfade28282dac67addc765732601e25e20,"https://cdn.jsdelivr.net/gh/quickveemktg/quickvee-help-assets@main/MM-271-04.jpg"
"MM-271-05.jpg",493062,26c1917d3edca642535184381c06a8fa36dfe8bc8bae5906a62fb7aed27df02e,"https://cdn.jsdelivr.net/gh/quickveemktg/quickvee-help-assets@main/MM-271-05.jpg"
"MM-271-06.jpg",598162,9b3d56f05fe596fb9429c82548b6632f18bb9e99e80bf9c266a37fc5f76ef6f9,"https://cdn.jsdelivr.net/gh/quickveemktg/quickvee-help-assets@main/MM-271-06.jpg"
"MM-271-07.jpg",970855,937acb394d1f88ba2620554784d460b430c55dff8b9575b06eb1ffaab6219253,"https://cdn.jsdelivr.net/gh/quickveemktg/quickvee-help-assets@main/MM-271-07.jpg"
"MM-276-01.png",216316,3c79aecac908a40eeb4118f7735f4e62c140b53389552e40924ecfb123fafe7c,"https://cdn.jsdelivr.net/gh/quickveemktg/quickvee-help-assets@main/MM-276-01.png"
"MM-276-02.png",161384,38f20fc62ceb9f2e474303cc7317f8d849cd13efe0269245907e2169c6dd3576,"https://cdn.jsdelivr.net/gh/quickveemktg/quickvee-help-assets@main/MM-276-02.png"
"MM-276-03.png",56590,106598cd8d72a618ae52310af3deb86ece939b8a9295cd30a94667fab46c77d9,"https://cdn.jsdelivr.net/gh/quickveemktg/quickvee-help-assets@main/MM-276-03.png"
"MM-276-04.png",103848,cfab4ac5d208cb396c689d404267adcf50f66489363a73b9221020428df252e8,"https://cdn.jsdelivr.net/gh/quickveemktg/quickvee-help-assets@main/MM-276-04.png"
"MM-276-05.png",92645,69a5e2947329d2879897051b1ae888585356e724a34a8c122ad69812df45e0f8,"https://cdn.jsdelivr.net/gh/quickveemktg/quickvee-help-assets@main/MM-276-05.png"
"MM-276-06.png",162992,bf175d4f2ef0735b235f084dd61826476774f7d751e3a45024b68079823a5a81,"https://cdn.jsdelivr.net/gh/quickveemktg/quickvee-help-assets@main/MM-276-06.png"
"MM-276-07.png",94596,acbdfe158cc1ca7149d38a96b5509387a86c55158fa22d205d77ede535f919de,"https://cdn.jsdelivr.net/gh/quickveemktg/quickvee-help-assets@main/MM-276-07.png"
"MM-276-08.png",454166,7dfafb1d51b996d5314fb34bd0a8be6e8157b4c9cbd12718c17f4619f77c1e2d,"https://cdn.jsdelivr.net/gh/quickveemktg/quickvee-help-assets@main/MM-276-08.png"
"MM-282_POS_Home_Station_Settings.jpg",876586,92f444552ccdfa4b545d7ef70d8e8fc8f9a4703f9365bae213f55803cb0d806c,"https://cdn.jsdelivr.net/gh/quickveemktg/quickvee-help-assets@main/MM-282_POS_Home_Station_Settings.jpg"
"MM-282_POS_Home_Station_Settings_Quick_Add.jpg",777718,5ca8efabafe11ee37abc07bfb26915aa7558465fc6c7e04f1bbee56463f11c50,"https://cdn.jsdelivr.net/gh/quickveemktg/quickvee-help-assets@main/MM-282_POS_Home_Station_Settings_Quick_Add.jpg"
"MM-282_Quick_Add_Options.jpg",777997,1f41a71a81cbdf38c89f9505da4e3bec5573b0521ef37b42ba864fcaf884858c,"https://cdn.jsdelivr.net/gh/quickveemktg/quickvee-help-assets@main/MM-282_Quick_Add_Options.jpg"
"MM-287-01.png",216664,06c68fa279177deb80cbc651ed39c445df9c5538e1b7144ff89dcbf0d123d72a,"https://cdn.jsdelivr.net/gh/quickveemktg/quickvee-help-assets@main/MM-287-01.png"
"MM-287-02.png",64747,f46bc229366c397fc0f7518b3cf53b309d0fedf3c2fc0953c39421b708a062b5,"https://cdn.jsdelivr.net/gh/quickveemktg/quickvee-help-assets@main/MM-287-02.png"
"MM-287-03.png",105286,82a6c4e6bdf5f614143cc0b560539133be7efdb2aa36ebbfcc66730a9de45295,"https://cdn.jsdelivr.net/gh/quickveemktg/quickvee-help-assets@main/MM-287-03.png"
"MM-287-04.png",124224,2d36f49e4a5dc9f3b7061d505364127feecf0dc1880107d0ae3555bbd0095f7f,"https://cdn.jsdelivr.net/gh/quickveemktg/quickvee-help-assets@main/MM-287-04.png"
"MM-287-05.png",116628,42b44bd3fd83c7718106e5e2598a84794b6df30563bae0f251e190bc79af4457,"https://cdn.jsdelivr.net/gh/quickveemktg/quickvee-help-assets@main/MM-287-05.png"
"MM-322-01.png",216664,06c68fa279177deb80cbc651ed39c445df9c5538e1b7144ff89dcbf0d123d72a,"https://cdn.jsdelivr.net/gh/quickveemktg/quickvee-help-assets@main/MM-322-01.png"
"MM-322-02.png",64788,0770957895e225833254c08a89ed3ed360ce7cb7509dccb05d9fd8c70b842773,"https://cdn.jsdelivr.net/gh/quickveemktg/quickvee-help-assets@main/MM-322-02.png"
"MM-322-03.png",96837,6c9a469023918ce43241c339cfd1a0a337288cd7306cfadea773333c71660302,"https://cdn.jsdelivr.net/gh/quickveemktg/quickvee-help-assets@main/MM-322-03.png"
"MM-322-04.png",114826,8991143904734c8e073ca77d716b46bee200bfc0af53163867e03a42572a0dd4,"https://cdn.jsdelivr.net/gh/quickveemktg/quickvee-help-assets@main/MM-322-04.png"
"MM-322-05.png",118399,48d2743c08f8178cd833f53932536c5eb7a3be1f703bbf32f271f8ca602b57e1,"https://cdn.jsdelivr.net/gh/quickveemktg/quickvee-help-assets@main/MM-322-05.png"
"MM-322-06.png",133361,82c4931158f583c8bb6fca7e5e94299124a1b4f8e7cc83392dff20ff8bcea3d5,"https://cdn.jsdelivr.net/gh/quickveemktg/quickvee-help-assets@main/MM-322-06.png"
"MM-322-07.png",179500,8cd99019ff964ad2e6b93f2d231e51445c2ea52b93f8a966b1c368479b768e40,"https://cdn.jsdelivr.net/gh/quickveemktg/quickvee-help-assets@main/MM-322-07.png"
"MM-322-08.png",122518,ee42269c054de7d82697affed81b0c4c87180ce895beca9901849c68343ce1fd,"https://cdn.jsdelivr.net/gh/quickveemktg/quickvee-help-assets@main/MM-322-08.png"
"MM-323-01.png",216664,06c68fa279177deb80cbc651ed39c445df9c5538e1b7144ff89dcbf0d123d72a,"https://cdn.jsdelivr.net/gh/quickveemktg/quickvee-help-assets@main/MM-323-01.png"
"MM-323-02.png",64788,0770957895e225833254c08a89ed3ed360ce7cb7509dccb05d9fd8c70b842773,"https://cdn.jsdelivr.net/gh/quickveemktg/quickvee-help-assets@main/MM-323-02.png"
"MM-323-03.png",111470,3c5a6517c4d5fcdbf8727b048a81e32c7cd779d315350afe6c8db2c515657bfe,"https://cdn.jsdelivr.net/gh/quickveemktg/quickvee-help-assets@main/MM-323-03.png"
"MM-323-04.png",103427,09f285f53668d950e040e1443bfa5bf98a17b58403416070f0849c71f86ee0d7,"https://cdn.jsdelivr.net/gh/quickveemktg/quickvee-help-assets@main/MM-323-04.png"
"MM-323-05.png",91215,089a77ad1ff63e4f08dadfd289ceda1f444ce88213b90b80c47f18011af3ac5c,"https://cdn.jsdelivr.net/gh/quickveemktg/quickvee-help-assets@main/MM-323-05.png"
"MM-323-06.png",122281,02933831fe1806d59517567a8efcc8a4208ff8f167507414b1376a63e72eb1d7,"https://cdn.jsdelivr.net/gh/quickveemktg/quickvee-help-assets@main/MM-323-06.png"
"MM-324-01.png",216664,06c68fa279177deb80cbc651ed39c445df9c5538e1b7144ff89dcbf0d123d72a,"https://cdn.jsdelivr.net/gh/quickveemktg/quickvee-help-assets@main/MM-324-01.png"
"MM-324-02.png",64788,0770957895e225833254c08a89ed3ed360ce7cb7509dccb05d9fd8c70b842773,"https://cdn.jsdelivr.net/gh/quickveemktg/quickvee-help-assets@main/MM-324-02.png"
"MM-324-03.png",99211,fe86efbe0b847004ebaee00d33e9ace0c498978b0998ab01343fe9bd8e6ec5b9,"https://cdn.jsdelivr.net/gh/quickveemktg/quickvee-help-assets@main/MM-324-03.png"
"MM-324-04.png",126316,498cdf0fc09d34a5e389d862a08b7a9466b6cbd2bf998c4b4b0bd2b60d620c87,"https://cdn.jsdelivr.net/gh/quickveemktg/quickvee-help-assets@main/MM-324-04.png"
"MM-324-05.png",122636,6eeef2405c72eabaa05733981f633c3142322dd95892c2166e8038109a114cf7,"https://cdn.jsdelivr.net/gh/quickveemktg/quickvee-help-assets@main/MM-324-05.png"
"MM-460-01.png",216315,825406ffb8855d79b1c1dd51432760ac5f2f555415e9f4e1d080c4c06bdf4935,"https://cdn.jsdelivr.net/gh/quickveemktg/quickvee-help-assets@main/MM-460-01.png"
"MM-460-02.png",59554,58b2b6710d22e369dfcc169ce20170c3fc39b9606121e51c17c815b809f3886b,"https://cdn.jsdelivr.net/gh/quickveemktg/quickvee-help-assets@main/MM-460-02.png"
"MM-460-03.png",88015,114ede62a7b1da9373487f8c2606cbce7cd45cf42900f04f7241ed5ff2e5f1f7,"https://cdn.jsdelivr.net/gh/quickveemktg/quickvee-help-assets@main/MM-460-03.png"
"MM-460-04.png",64031,a0ba644d25768fc18f16e22bae5a04946baa8fcf35edea0c7bebebed6a38ed52,"https://cdn.jsdelivr.net/gh/quickveemktg/quickvee-help-assets@main/MM-460-04.png"
"MM-460-05.png",74999,3ad3ebd144bea69dbcc96d4764fdad8133174bb2b4cc72cfbd531eacd0570850,"https://cdn.jsdelivr.net/gh/quickveemktg/quickvee-help-assets@main/MM-460-05.png"
"MM-460-06.png",71313,9a1127299d9dbc224b647d6f505c2d1abdd490890216870263349321cb5f07fa,"https://cdn.jsdelivr.net/gh/quickveemktg/quickvee-help-assets@main/MM-460-06.png"
"RD_Customer_Phone.jpg",754624,f0a3dd700578b60b2d50098d970912e6846dc5af1143700feb2bb24e40d681ec,"https://cdn.jsdelivr.net/gh/quickveemktg/quickvee-help-assets@main/RD_Customer_Phone.jpg"
"RD_Enable.jpg",751100,2434bea450a8480a4ddf32010e75ff27bdddb9b17686046227903c7634198a3c,"https://cdn.jsdelivr.net/gh/quickveemktg/quickvee-help-assets@main/RD_Enable.jpg"
"RD_Message.jpg",786129,850a4f84628d8d48b771ea10bdd1377f299fbd2cd3d55bd7eeaef15d77b66617,"https://cdn.jsdelivr.net/gh/quickveemktg/quickvee-help-assets@main/RD_Message.jpg"
"RD_POS_Home_Station_Settings.jpg",882620,22d6ed714bc0fd2635808479b9bc9a42da730a5a09562b824cf663a06a94f225,"https://cdn.jsdelivr.net/gh/quickveemktg/quickvee-help-assets@main/RD_POS_Home_Station_Settings.jpg"
"RD_Rate_Staff.jpg",762436,593005a7f3bdd7fbc029cd1fcc7113c25b161711de6d77122ae513eba7696b75,"https://cdn.jsdelivr.net/gh/quickveemktg/quickvee-help-assets@main/RD_Rate_Staff.jpg"
"RD_Station_Settings_Rear_Display.jpg",749474,c9489f2fe55c96c37a3240c67f9a4f1e63f443e9c97637b45bb33d3cac9fb08b,"https://cdn.jsdelivr.net/gh/quickveemktg/quickvee-help-assets@main/RD_Station_Settings_Rear_Display.jpg"
"RD_Touch_Screen.jpg",749682,5b9763968e8d795807e21dbfda1c5b42ea46de7a9e82e452b0364b13e1dfc7ee,"https://cdn.jsdelivr.net/gh/quickveemktg/quickvee-help-assets@main/RD_Touch_Screen.jpg"
"RS_Additional_Toggles.jpg",924749,57175656cb32423afa812ee78b3852b576abc8489a9def5921fcb16f803082f9,"https://cdn.jsdelivr.net/gh/quickveemktg/quickvee-help-assets@main/RS_Additional_Toggles.jpg"
"RS_Cashback_Config.jpg",916526,bae68df484a25bc7a5748ca61415b57a9801214de1a4452a8b0dceca6fc5684e,"https://cdn.jsdelivr.net/gh/quickveemktg/quickvee-help-assets@main/RS_Cashback_Config.jpg"
"RS_Enter_Station_Name.jpg",908430,06f6655c4264032d831458dffafde5cff6ec02202c5b8e6684bc25bef7aeb377,"https://cdn.jsdelivr.net/gh/quickveemktg/quickvee-help-assets@main/RS_Enter_Station_Name.jpg"
"RS_Home_Station_Settings.jpg",885658,ebc0267508b7a855b3e1341c32661da969b40a6acaaad80896e7bec5470da1e5,"https://cdn.jsdelivr.net/gh/quickveemktg/quickvee-help-assets@main/RS_Home_Station_Settings.jpg"
"RS_Idle_Lock_Screen.jpg",909447,3be8a79614aa024d2dcae8b6adb01e1f90f1a3100d3f575206907e86839cf42f,"https://cdn.jsdelivr.net/gh/quickveemktg/quickvee-help-assets@main/RS_Idle_Lock_Screen.jpg"
"RS_Payment_Methods.jpg",948902,9c16cdc4be3b2837899a4e557a922cbf9c9f553b771e275a610698bc71f12ab8,"https://cdn.jsdelivr.net/gh/quickveemktg/quickvee-help-assets@main/RS_Payment_Methods.jpg"
"RS_Register_Settings.jpg",953020,370b48a15d9fc745b53b8330b428131d67d2a51a98d815991d469d224fa87bdc,"https://cdn.jsdelivr.net/gh/quickveemktg/quickvee-help-assets@main/RS_Register_Settings.jpg"
"RS_Station_Settings_Quick_Add.jpg",913540,5c93cb3194da9cdefddce2c6e6e2549268ea0a5748ad76c13d081485e31f29df,"https://cdn.jsdelivr.net/gh/quickveemktg/quickvee-help-assets@main/RS_Station_Settings_Quick_Add.jpg"
"TC_Clocked_In.jpg",875707,e84acabd335261c3ecc19dbcba8fe3f649ae7a730f77e23064c56ec18a9e8eb2,"https://cdn.jsdelivr.net/gh/quickveemktg/quickvee-help-assets@main/TC_Clocked_In.jpg"
"TC_Enter_PIN.jpg",651025,8541698300834151530f0cbc8da9af109370acbe16b5ce7c07aab74a23c6698d,"https://cdn.jsdelivr.net/gh/quickveemktg/quickvee-help-assets@main/TC_Enter_PIN.jpg"
"TC_Not_Clocked_In.jpg",814915,4feb2ad49806481041624ef3dca547dfbd57dfd230a90221b244f814c2f8641e,"https://cdn.jsdelivr.net/gh/quickveemktg/quickvee-help-assets@main/TC_Not_Clocked_In.jpg"
"TC_On_Break.jpg",792753,cfd8189d8740a14316d4a0decd3e9f15a736b3d3cd9f66452199443df9ad19f5,"https://cdn.jsdelivr.net/gh/quickveemktg/quickvee-help-assets@main/TC_On_Break.jpg"
"TC_Open_Time_Clock.jpg",910405,094093309e5014a18d722c585361f4f6c70615b9ae22422e5f99afcd9aa768b6,"https://cdn.jsdelivr.net/gh/quickveemktg/quickvee-help-assets@main/TC_Open_Time_Clock.jpg"
"TC_View_Attendance.jpg",815057,58a21011f45a77bd4520f20b109db5bbc64a35e38f2101a609c5e16a3cbbe40c,"https://cdn.jsdelivr.net/gh/quickveemktg/quickvee-help-assets@main/TC_View_Attendance.jpg"
"TS_Add_Time_Card.jpg",181129,a37f81a7402163417d244c0cb83f1b07e0dcfd48b49c77769c7eaf9f807c90e3,"https://cdn.jsdelivr.net/gh/quickveemktg/quickvee-help-assets@main/TS_Add_Time_Card.jpg"
"TS_Adding_Time_Card.jpg",538504,82167842416c9f0e97c6b107bfef170bfd4559e5d1f75ae81054bb137f7e99c7,"https://cdn.jsdelivr.net/gh/quickveemktg/quickvee-help-assets@main/TS_Adding_Time_Card.jpg"
"TS_Breaks_Compliance.jpg",552421,f27164f170dc87b78b950d7c1ca6b4abb79162a808d2f386e801fc61f8a5e632,"https://cdn.jsdelivr.net/gh/quickveemktg/quickvee-help-assets@main/TS_Breaks_Compliance.jpg"
"TS_Complete_Modal.jpg",172688,a2df133fccd12b8344173ad8d424f17e439ed8dbbea5727b6c7b8b18788563f1,"https://cdn.jsdelivr.net/gh/quickveemktg/quickvee-help-assets@main/TS_Complete_Modal.jpg"
"TS_Daily_Review.jpg",708188,91fb9c37efbdef3268a70877ecbdf77968b6ebdd65b0ca528d606dad0904dffe,"https://cdn.jsdelivr.net/gh/quickveemktg/quickvee-help-assets@main/TS_Daily_Review.jpg"
"TS_Dashboard.jpg",574012,de3f00c2dfaa07197a9e4bc82d698430f063d5386e8e99b221404d3e54742689,"https://cdn.jsdelivr.net/gh/quickveemktg/quickvee-help-assets@main/TS_Dashboard.jpg"
"TS_Edit_Time_Card.jpg",301268,7e9884b2ac572fd6f1dd7e357033f8626dd32d0ad56c82f09ac3ac63cd61d962,"https://cdn.jsdelivr.net/gh/quickveemktg/quickvee-help-assets@main/TS_Edit_Time_Card.jpg"
"TS_Editing_Entry.jpg",522617,e9493da9c9ffd70ba4b5a17c511634154520fb7572a900a46f8797f680829a05,"https://cdn.jsdelivr.net/gh/quickveemktg/quickvee-help-assets@main/TS_Editing_Entry.jpg"
"TS_Incomplete_Entries.jpg",533790,41d33935370bf2f5d308a7c2451ff7cef57f6b8b8a724bc9506715d692817a95,"https://cdn.jsdelivr.net/gh/quickveemktg/quickvee-help-assets@main/TS_Incomplete_Entries.jpg"
"TS_Pay_Period.jpg",757088,487070fc08b83e34f0d527a561c560a82c2f632a409569065fa922285d2fc282,"https://cdn.jsdelivr.net/gh/quickveemktg/quickvee-help-assets@main/TS_Pay_Period.jpg"
"TS_Summaries.jpg",803238,ab0f08b977aa9904426118723e8c192d68284a90a79549d83435389fb6f761b5,"https://cdn.jsdelivr.net/gh/quickveemktg/quickvee-help-assets@main/TS_Summaries.jpg"
"mm271_attendance_history.jpg",970855,937acb394d1f88ba2620554784d460b430c55dff8b9575b06eb1ffaab6219253,"https://cdn.jsdelivr.net/gh/quickveemktg/quickvee-help-assets@main/mm271_attendance_history.jpg"
"mm271_attendance_home.jpg",793624,5abf631b9c493af61a505456cdece5fff4c63e8735376552468e722b1b5c8f5e,"https://cdn.jsdelivr.net/gh/quickveemktg/quickvee-help-assets@main/mm271_attendance_home.jpg"
"mm271_clocked_in.jpg",603632,d71b81e50c352c2933149d8b084aa7cfade28282dac67addc765732601e25e20,"https://cdn.jsdelivr.net/gh/quickveemktg/quickvee-help-assets@main/mm271_clocked_in.jpg"
"mm271_clocked_out.jpg",551338,aa88522c66893e7fffa249da8f76deee811dddbf1918383d0cacfc1112358089,"https://cdn.jsdelivr.net/gh/quickveemktg/quickvee-help-assets@main/mm271_clocked_out.jpg"
"mm271_clocking_out.jpg",598162,9b3d56f05fe596fb9429c82548b6632f18bb9e99e80bf9c266a37fc5f76ef6f9,"https://cdn.jsdelivr.net/gh/quickveemktg/quickvee-help-assets@main/mm271_clocking_out.jpg"
"mm271_passcode.jpg",491934,180d3c41c33e0dc4bc14670e67392af6052feb42c6fb7b37967e000c317d9435,"https://cdn.jsdelivr.net/gh/quickveemktg/quickvee-help-assets@main/mm271_passcode.jpg"
"mm271_taking_break.jpg",493062,26c1917d3edca642535184381c06a8fa36dfe8bc8bae5906a62fb7aed27df02e,"https://cdn.jsdelivr.net/gh/quickveemktg/quickvee-help-assets@main/mm271_taking_break.jpg"
"mm286_pos_home.jpg",815320,dec9ce8869d749b5f1a6dc38d36fb7821e9c232136c7ad2bc2c007074ec6f310,"https://cdn.jsdelivr.net/gh/quickveemktg/quickvee-help-assets@main/mm286_pos_home.jpg"
"mm286_register_lock.jpg",632894,404970f207b6593a4f0cb1705b0029b0ae429d97becfc91d6230193739e0e32c,"https://cdn.jsdelivr.net/gh/quickveemktg/quickvee-help-assets@main/mm286_register_lock.jpg"
"mm286_request_callback.jpg",696314,43548476741e83b56b67c8c25ee2795f457b3e8a395f7326bb529021941adef2,"https://cdn.jsdelivr.net/gh/quickveemktg/quickvee-help-assets@main/mm286_request_callback.jpg"
"mm286_station_settings.jpg",448215,d341de36bdbcb1600ea5b72e03001de3e695c783c83182fe799c5b35c28eb2d6,"https://cdn.jsdelivr.net/gh/quickveemktg/quickvee-help-assets@main/mm286_station_settings.jpg"
"mm419_Permissions.jpg",628002,9d2cbdeb3b392a475748aefa8a392a26cc06a0fcf6368a48e0c1dbacf2a41716,"https://cdn.jsdelivr.net/gh/quickveemktg/quickvee-help-assets@main/mm419_Permissions.jpg"
"mm419_Step1_ThreeDotMenu.jpg",864982,3b7941dc6bdaeeb3d2a87bc82439cef1a9fbf2524a58f427ff50761d933e0e02,"https://cdn.jsdelivr.net/gh/quickveemktg/quickvee-help-assets@main/mm419_Step1_ThreeDotMenu.jpg"
"mm419_Step2_NoSale.jpg",696452,e42e690e4bf2c183049d9307b8f451e522c62b58661245129e29eba9d9a6d085,"https://cdn.jsdelivr.net/gh/quickveemktg/quickvee-help-assets@main/mm419_Step2_NoSale.jpg"
"step1_trigger_shift.jpg",739307,70a99d00e435b983599d85512382b373784c256e0f3e189dc55de95b7c4a54f5,"https://cdn.jsdelivr.net/gh/quickveemktg/quickvee-help-assets@main/step1_trigger_shift.jpg"
"step3_drawer_start.jpg",771813,5bc30cb1ff49331660c836fdfbbfff0c859477093f975c9930a3c2908b5aef53,"https://cdn.jsdelivr.net/gh/quickveemktg/quickvee-help-assets@main/step3_drawer_start.jpg"
"step4_verify_total.jpg",694962,5e6ae5b5e057720831e02395df949d14567cfc3cb5a108fd9c0d6882c55c502f,"https://cdn.jsdelivr.net/gh/quickveemktg/quickvee-help-assets@main/step4_verify_total.jpg"
"step5_submit_confirm.jpg",734906,f63a85092db172b6c1259ac7bb44322d62c0bacae18025abd7336642ef9d0ce4,"https://cdn.jsdelivr.net/gh/quickveemktg/quickvee-help-assets@main/step5_submit_confirm.jpg"
"mm424/Permissions.jpg",626630,e0ffd7bbeeb4f475cbd297a1d5fbe2a4982869add5321748bbc0110d7cbbc3ef,"https://cdn.jsdelivr.net/gh/quickveemktg/quickvee-help-assets@main/mm424/Permissions.jpg"
"mm424/Step1_Pay_In_Amount.jpg",899739,3e8a4c7212dde8352284dddd9e40d5810f4b3fd4d1d5112e77abea9f61c36d02,"https://cdn.jsdelivr.net/gh/quickveemktg/quickvee-help-assets@main/mm424/Step1_Pay_In_Amount.jpg"
"mm424/Step2_Three_Dot_Menu.jpg",869134,852bbfbaf00ac8795860df9e39f00b75b996e24f260a096713c39b04811792ca,"https://cdn.jsdelivr.net/gh/quickveemktg/quickvee-help-assets@main/mm424/Step2_Three_Dot_Menu.jpg"
"mm424/Step3_Reason_Confirm.jpg",699078,098cb57dff6d51de7bd9a3fb1dd3ab77db6632401ac07acd11d32565eb5239f2,"https://cdn.jsdelivr.net/gh/quickveemktg/quickvee-help-assets@main/mm424/Step3_Reason_Confirm.jpg"
"mm424/Three_dot_icon.jpg",702721,8fa64b4b910c09fe5d52d0d45e28b95a26415936120446eaa7d783264e75f559,"https://cdn.jsdelivr.net/gh/quickveemktg/quickvee-help-assets@main/mm424/Three_dot_icon.jpg"
"MM-334/1_Creating a New Stocktake.jpg",896836,0c3b6c3917ca4e14df031059cf951f7d0f2e2235516e3ecdc3b626592b49ede9,"https://cdn.jsdelivr.net/gh/quickveemktg/quickvee-help-assets@main/MM-334/1_Creating%20a%20New%20Stocktake.jpg"
"MM-334/1_Editing a Draft Stocktake.jpg",932770,84f98eeb6eab743a4fe86ff1911c95d9df8ad499fcb25a179b2c4d1e93dd1b9d,"https://cdn.jsdelivr.net/gh/quickveemktg/quickvee-help-assets@main/MM-334/1_Editing%20a%20Draft%20Stocktake.jpg"
"MM-334/1_Enter the New Qty. For each product.jpg",583413,9589cf348dd58ebbb16cc07047c19eda24faad078eb987df1be8329df09d9382,"https://cdn.jsdelivr.net/gh/quickveemktg/quickvee-help-assets@main/MM-334/1_Enter%20the%20New%20Qty.%20For%20each%20product.jpg"
"MM-334/1_Save as Draft vs Create copy.jpg",559416,47303b70e3a887fba9ac9a91a0b5cedd2a6b95d1686d908bf65359ecea34f919,"https://cdn.jsdelivr.net/gh/quickveemktg/quickvee-help-assets@main/MM-334/1_Save%20as%20Draft%20vs%20Create%20copy.jpg"
"MM-334/1_Stocktake List to open a blank stocktake form - Add products to count. Use the Select Product dropdo.jpg",500805,48fcd270b5e211ef216e486d7159e931ba2e1e60997aa94e27460c19006515b3,"https://cdn.jsdelivr.net/gh/quickveemktg/quickvee-help-assets@main/MM-334/1_Stocktake%20List%20to%20open%20a%20blank%20stocktake%20form%20-%20Add%20products%20to%20count.%20Use%20the%20Select%20Product%20dropdo.jpg"
"MM-334/1_The Stocktake List.jpg",897352,d342e3c23597f6f4323ec4b53208c91611743fd3b200ab35c2e758f74bed4485,"https://cdn.jsdelivr.net/gh/quickveemktg/quickvee-help-assets@main/MM-334/1_The%20Stocktake%20List.jpg"
"MM-334/1_The form re-opens with everything you entered before.jpg",828684,df5d25a29d9fe16745bfeae88ab60c0e9ba5762cd0e90970d66b25aaa108600d,"https://cdn.jsdelivr.net/gh/quickveemktg/quickvee-help-assets@main/MM-334/1_The%20form%20re-opens%20with%20everything%20you%20entered%20before.jpg"
"MM-334/1_Viewing a Completed Stocktake (Stocktake Report).jpg",126,716346aab392234352791b72b9f26fd9082f8095ceed628aa81f1a9a2b907d43,"https://cdn.jsdelivr.net/gh/quickveemktg/quickvee-help-assets@main/MM-334/1_Viewing%20a%20Completed%20Stocktake%20%28Stocktake%20Report%29.jpg"
"MM-334/1_What the report shows.jpg",669259,d325a7fd75cf52728991a0703a46bf525b7bf3f4875f8bcc951dfec4697509f5,"https://cdn.jsdelivr.net/gh/quickveemktg/quickvee-help-assets@main/MM-334/1_What%20the%20report%20shows.jpg"
"mm423/Dropdown_Shows.jpg",704532,c0e86c93ad690752e2c0ebc0b36d6fc705d58a1e36cb0b773a6b8c2e897a4465,"https://cdn.jsdelivr.net/gh/quickveemktg/quickvee-help-assets@main/mm423/Dropdown_Shows.jpg"
"mm423/Permissions.jpg",631946,bf58a2d23cabe8dd1662b3fe07407121f8917904c751ff4be80dadf1a1c5d1eb,"https://cdn.jsdelivr.net/gh/quickveemktg/quickvee-help-assets@main/mm423/Permissions.jpg"
"mm423/Step1_Enter_Drop_Amount.jpg",897176,5492f2e857539f52fd348d12d5ddd97151aa13c7b98b02c1f581145863fdae6b,"https://cdn.jsdelivr.net/gh/quickveemktg/quickvee-help-assets@main/mm423/Step1_Enter_Drop_Amount.jpg"
"mm423/Step2_Three_Dot_Menu.jpg",867065,4e322b7238447ec0edb76bb782e020ddec978bdb0e49e024ff51d8d86b0fea40,"https://cdn.jsdelivr.net/gh/quickveemktg/quickvee-help-assets@main/mm423/Step2_Three_Dot_Menu.jpg"
"mm423/Step3_Reason_Confirm.jpg",687755,3e54bc6f88fc3834fc2a0d989a76b0e0ace726da3feead736afd4ac7b31ebf6a,"https://cdn.jsdelivr.net/gh/quickveemktg/quickvee-help-assets@main/mm423/Step3_Reason_Confirm.jpg"
"mm422/Confirm.jpg",871231,ae4e1f3e79b5af124c8c4b444323f283857693281670e53203d8eeee2a77a8bd,"https://cdn.jsdelivr.net/gh/quickveemktg/quickvee-help-assets@main/mm422/Confirm.jpg"
"mm422/Confirmation_Receipt.jpg",830823,6dc4ecae0f982bba9aa204efe8a0ad554b62644647646256e8c66a7a7d91d956,"https://cdn.jsdelivr.net/gh/quickveemktg/quickvee-help-assets@main/mm422/Confirmation_Receipt.jpg"
"mm422/Open_Vendor_Payout.jpg",911511,896a68e8722ad0c0fae5efeedbeff7f4184ef2ce7bbf476921e56ddebbf936ed,"https://cdn.jsdelivr.net/gh/quickveemktg/quickvee-help-assets@main/mm422/Open_Vendor_Payout.jpg"
"mm422/Open_Vendor_Payout_2.jpg",738027,e3472c80b1df39a0df779d9ca5b80b17b397f4244e12089a829ce78393582bf4,"https://cdn.jsdelivr.net/gh/quickveemktg/quickvee-help-assets@main/mm422/Open_Vendor_Payout_2.jpg"
"mm422/Permissions.jpg",655882,ca4e3b6dc5aca9846b7b405efe43436c944a380baa5a88dfd23645085daba2c1,"https://cdn.jsdelivr.net/gh/quickveemktg/quickvee-help-assets@main/mm422/Permissions.jpg"
"mm422/Select_Vendor.jpg",811548,82ea6b6b3eee00887d903363639db796b721356c204f8c97bbfaeff45cac395f,"https://cdn.jsdelivr.net/gh/quickveemktg/quickvee-help-assets@main/mm422/Select_Vendor.jpg"
"mm422/Type_Payout_Amount.jpg",944635,fb8f6033ddb4b5d24bee55779380f1379c9932cd87c269665c6bcd9d106fc53a,"https://cdn.jsdelivr.net/gh/quickveemktg/quickvee-help-assets@main/mm422/Type_Payout_Amount.jpg"
"MM-335/1_Add items. Click the Select Product dropdown.jpg",492354,1d1267ae166ad391532e2a165eb2c269b3b9bd9b85369b9351cc3147a47c5c85,"https://cdn.jsdelivr.net/gh/quickveemktg/quickvee-help-assets@main/MM-335/1_Add%20items.%20Click%20the%20Select%20Product%20dropdown.jpg"
"MM-335/1_Auto PO.jpg",541634,4fe5c86c3f8d18c5d23ab495207bf26126991ad0a92c6ea33f9bfc04a2dc9862,"https://cdn.jsdelivr.net/gh/quickveemktg/quickvee-help-assets@main/MM-335/1_Auto%20PO.jpg"
"MM-335/1_Click its Order# to re-open the Edit form.jpg",547424,890b102ea697b1a9957114d6eb1463e1dc4af8ebd34fac7183432e5d4d92d1c9,"https://cdn.jsdelivr.net/gh/quickveemktg/quickvee-help-assets@main/MM-335/1_Click%20its%20Order%23%20to%20re-open%20the%20Edit%20form.jpg"
"MM-335/1_Creating a New Purchase Order.jpg",584406,99476ab9b2fc5c2af99b2d26dfdd53d36eb1fd5600ac1958c84ebcbd3409ce4f,"https://cdn.jsdelivr.net/gh/quickveemktg/quickvee-help-assets@main/MM-335/1_Creating%20a%20New%20Purchase%20Order.jpg"
"MM-335/1_Editing a Draft.jpg",619743,9282ca6f84fe271648860486ac7a0e20e84584508a24f8eb8e19ca4291b9d4c4,"https://cdn.jsdelivr.net/gh/quickveemktg/quickvee-help-assets@main/MM-335/1_Editing%20a%20Draft.jpg"
"MM-335/1_Receiving a Purchase Order.jpg",622580,f34201cd7148142ac5a4d9328a88d31f725f254123f0d365f7166d275a785d88,"https://cdn.jsdelivr.net/gh/quickveemktg/quickvee-help-assets@main/MM-335/1_Receiving%20a%20Purchase%20Order.jpg"
"MM-335/1_Set the Qty.jpg",544214,bcae165ca16eeee40bff0ad3137967f8f39900f5088b50c2098b93b53ce55f72,"https://cdn.jsdelivr.net/gh/quickveemktg/quickvee-help-assets@main/MM-335/1_Set%20the%20Qty.jpg"
"MM-335/1_The Purchase Order List.jpg",603216,09004ae394398b14b8faf9128bc4382547dd4fe26a25b4310514aec8a7c30a5b,"https://cdn.jsdelivr.net/gh/quickveemktg/quickvee-help-assets@main/MM-335/1_The%20Purchase%20Order%20List.jpg"
"MM-335/1_Viewing a Fully Received or Voided PO.jpg",452431,c826a65887ff4b29517ab5063f981ebd608b877b0d0db49e9392f5fc7d0c3de8,"https://cdn.jsdelivr.net/gh/quickveemktg/quickvee-help-assets@main/MM-335/1_Viewing%20a%20Fully%20Received%20or%20Voided%20PO.jpg"
"MM-335/1_Voiding a Purchase Order.jpg",501034,d4d80b087a22c3af292a906471a843741c52e7f011fdd33ae0b78bc83254957f,"https://cdn.jsdelivr.net/gh/quickveemktg/quickvee-help-assets@main/MM-335/1_Voiding%20a%20Purchase%20Order.jpg"
"MM-335/1_What youll see copy.jpg",527034,d77e8f04399368df15b68e399fdd58bd1a104a7633de40690586c1bdaaeb04cb,"https://cdn.jsdelivr.net/gh/quickveemktg/quickvee-help-assets@main/MM-335/1_What%20youll%20see%20copy.jpg"
"MM-335/1_What youll see.jpg",527034,59e8d9a367ad34f61a8de76a17c776a16966592e1dcdd25b6f55750414b99a5e,"https://cdn.jsdelivr.net/gh/quickveemktg/quickvee-help-assets@main/MM-335/1_What%20youll%20see.jpg"
"mm420/step1_trigger_shift.jpg",739307,70a99d00e435b983599d85512382b373784c256e0f3e189dc55de95b7c4a54f5,"https://cdn.jsdelivr.net/gh/quickveemktg/quickvee-help-assets@main/mm420/step1_trigger_shift.jpg"
"mm420/step3_drawer_start.jpg",771813,5bc30cb1ff49331660c836fdfbbfff0c859477093f975c9930a3c2908b5aef53,"https://cdn.jsdelivr.net/gh/quickveemktg/quickvee-help-assets@main/mm420/step3_drawer_start.jpg"
"mm420/step4_verify_total.jpg",694962,5e6ae5b5e057720831e02395df949d14567cfc3cb5a108fd9c0d6882c55c502f,"https://cdn.jsdelivr.net/gh/quickveemktg/quickvee-help-assets@main/mm420/step4_verify_total.jpg"
"mm420/step5_submit_confirm.jpg",734906,f63a85092db172b6c1259ac7bb44322d62c0bacae18025abd7336642ef9d0ce4,"https://cdn.jsdelivr.net/gh/quickveemktg/quickvee-help-assets@main/mm420/step5_submit_confirm.jpg"
"MM-336/1_Adding a New Customer.jpg",944081,4ff4c38810dfa2bbb324db4465c1d79dec822326d33bdaced601366089e48ba5,"https://cdn.jsdelivr.net/gh/quickveemktg/quickvee-help-assets@main/MM-336/1_Adding%20a%20New%20Customer.jpg"
"MM-336/1_Adjusting Loyalty Points 1.jpg",773233,7d890c4a108e9ecc9c87426c5881c2a11bb025987319343e38839d34948545d5,"https://cdn.jsdelivr.net/gh/quickveemktg/quickvee-help-assets@main/MM-336/1_Adjusting%20Loyalty%20Points%201.jpg"
"MM-336/1_Adjusting Loyalty Points.jpg",995450,e505d38060119fcc6a3fad9457a0dad12ae1525decace5a5a6a54507d9eb43a3,"https://cdn.jsdelivr.net/gh/quickveemktg/quickvee-help-assets@main/MM-336/1_Adjusting%20Loyalty%20Points.jpg"
"MM-336/1_Adjusting Store Credit.jpg",995536,c55b6116970fb9cb75d816af30a4ee634ec3ff1a1844caf6f69cd729fcd406fb,"https://cdn.jsdelivr.net/gh/quickveemktg/quickvee-help-assets@main/MM-336/1_Adjusting%20Store%20Credit.jpg"
"MM-336/1_Deleting a Customer.jpg",995533,741ce9cc7efa149edc062a455d72aa00b97c4d874502e611f6a318bb67976922,"https://cdn.jsdelivr.net/gh/quickveemktg/quickvee-help-assets@main/MM-336/1_Deleting%20a%20Customer.jpg"
"MM-336/1_Disabling a Customer.jpg",997085,c84d26f4ee6ea1f58ef4555cdbe01b8780a34b24d2cf1b6ba1da7484a50c1af1,"https://cdn.jsdelivr.net/gh/quickveemktg/quickvee-help-assets@main/MM-336/1_Disabling%20a%20Customer.jpg"
"MM-336/1_Editing a Customer.jpg",997296,cc6476fac82deb02784686269e695057a0b0dbbf5dc7300839db5e6bd267f228,"https://cdn.jsdelivr.net/gh/quickveemktg/quickvee-help-assets@main/MM-336/1_Editing%20a%20Customer.jpg"
"MM-336/1_Merging Customer Accounts 1.jpg",789177,9f46768b819274dfb7ffe6efda53256bc34a2460b96491e79b9164c6fe14817a,"https://cdn.jsdelivr.net/gh/quickveemktg/quickvee-help-assets@main/MM-336/1_Merging%20Customer%20Accounts%201.jpg"
"MM-336/1_Merging Customer Accounts.jpg",997573,d136d30a8e664e24f28d1cf31b644a694eb6355cba1698c05f91dd656a32b69e,"https://cdn.jsdelivr.net/gh/quickveemktg/quickvee-help-assets@main/MM-336/1_Merging%20Customer%20Accounts.jpg"
"MM-336/1_New Customer form.jpg",947496,2b7330492f6a0adef494cfa43d0fa86b0a70f6eaf537cbceed63619aa2b60309,"https://cdn.jsdelivr.net/gh/quickveemktg/quickvee-help-assets@main/MM-336/1_New%20Customer%20form.jpg"
"MM-336/1_The Adjust Store Credit modal shows.jpg",760977,dc2ba981fb48abea6d9008f475a83591d6878251bda1671e6c7117fb21e9628e,"https://cdn.jsdelivr.net/gh/quickveemktg/quickvee-help-assets@main/MM-336/1_The%20Adjust%20Store%20Credit%20modal%20shows.jpg"
"MM-336/1_The Customer List copy.jpg",999198,a9acbcc5f0251944f7a91a512d64deb883404bd0856dda31001c1ff25bd12172,"https://cdn.jsdelivr.net/gh/quickveemktg/quickvee-help-assets@main/MM-336/1_The%20Customer%20List%20copy.jpg"
"MM-336/1_Viewing Order History 1.jpg",829561,126974f5069d7ae632ac0a9c2b93ef7552e75ff351b5da1c1023f1062cb83f3a,"https://cdn.jsdelivr.net/gh/quickveemktg/quickvee-help-assets@main/MM-336/1_Viewing%20Order%20History%201.jpg"
"MM-336/1_Viewing Order History.jpg",996602,678140dfae1670e496a2c562f0bf5da88993541ce3d151ed15b36c9c28dfab4c,"https://cdn.jsdelivr.net/gh/quickveemktg/quickvee-help-assets@main/MM-336/1_Viewing%20Order%20History.jpg"
"MM-458/1_Adding a New Vendor.jpg",761346,f465f6d2db2d5736b0bfa59c71689723dcc83d7f7dd4696c2311f485a082cbf6,"https://cdn.jsdelivr.net/gh/quickveemktg/quickvee-help-assets@main/MM-458/1_Adding%20a%20New%20Vendor.jpg"
"MM-458/1_Editing a Vendor.jpg",755219,67f95f206c350516f0b3875edcf0265f7ae74e1445919fc906384cd3064a8063,"https://cdn.jsdelivr.net/gh/quickveemktg/quickvee-help-assets@main/MM-458/1_Editing%20a%20Vendor.jpg"
"MM-458/1_Enable - Disable a Vendor.jpg",756281,8166ead331a43417070f9b386b4abfcab6c35324ffb96afa9fbf6ef6dc18a3e2,"https://cdn.jsdelivr.net/gh/quickveemktg/quickvee-help-assets@main/MM-458/1_Enable%20-%20Disable%20a%20Vendor.jpg"
"MM-458/1_The Add New Vendor form opens with the following fields, organized in two rows.jpg",485265,140ac372cfac9372bf325b40f2ac4874b93ce31c6738f185a2987d59bf2212af,"https://cdn.jsdelivr.net/gh/quickveemktg/quickvee-help-assets@main/MM-458/1_The%20Add%20New%20Vendor%20form%20opens%20with%20the%20following%20fields%2C%20organized%20in%20two%20rows.jpg"
"MM-458/1_The Edit Vendor form opens.jpg",613895,c5209164c0cc7d778d90b20aedcf2fe26d520dfae2a2ab5f94104b251b2e1466,"https://cdn.jsdelivr.net/gh/quickveemktg/quickvee-help-assets@main/MM-458/1_The%20Edit%20Vendor%20form%20opens.jpg"
"MM-458/1_Vendors Home Page.jpg",760961,c4ac697405b16d0e6e2900aaaa9a5ff76f7d11f9c46298e429ffd90a0c8e40e5,"https://cdn.jsdelivr.net/gh/quickveemktg/quickvee-help-assets@main/MM-458/1_Vendors%20Home%20Page.jpg"
"mm274/MM-274-01.png",216316,3c79aecac908a40eeb4118f7735f4e62c140b53389552e40924ecfb123fafe7c,"https://cdn.jsdelivr.net/gh/quickveemktg/quickvee-help-assets@main/mm274/MM-274-01.png"
"mm274/MM-274-02.png",58522,cc286945188d2099871aabb5209bce6d27db13571d4931b0154cc33af54516f6,"https://cdn.jsdelivr.net/gh/quickveemktg/quickvee-help-assets@main/mm274/MM-274-02.png"
"mm274/MM-274-03.png",102228,67abbaa0dacd4752abe4e34d912d1ace89be79a6e9ad935cd720cb1878468c24,"https://cdn.jsdelivr.net/gh/quickveemktg/quickvee-help-assets@main/mm274/MM-274-03.png"
"mm274/MM-274-04.png",76577,f75c04875739992cfc2d1424966408768f40426b1d82ad65963598d434938d04,"https://cdn.jsdelivr.net/gh/quickveemktg/quickvee-help-assets@main/mm274/MM-274-04.png"
"mm274/MM-274-05.png",130774,2223269378ee7fbf2bb361c5fa92de24b1924590784626c21d6748faf088d340,"https://cdn.jsdelivr.net/gh/quickveemktg/quickvee-help-assets@main/mm274/MM-274-05.png"
"mm274/MM-274-06.png",121717,2e58336de97e66bec52c2fe3525b5747fb1e4492ba31ffcc8c58970d02a3840b,"https://cdn.jsdelivr.net/gh/quickveemktg/quickvee-help-assets@main/mm274/MM-274-06.png"
"mm274/MM-274-07.png",121200,5e8aef318d1122d51243f22b7658b1f88be6f744c85d201593105b0c3f596588,"https://cdn.jsdelivr.net/gh/quickveemktg/quickvee-help-assets@main/mm274/MM-274-07.png"
"mm274/MM-274-08.png",121234,66347385e9398b70865545845e9b41306716d10db7b36f0529484e309202bd58,"https://cdn.jsdelivr.net/gh/quickveemktg/quickvee-help-assets@main/mm274/MM-274-08.png"
"mm274/MM-274-09.png",102790,28651a278c7d4ebd8a8258a459c567a0708f341c0ff8c4bcf215700dfb87842e,"https://cdn.jsdelivr.net/gh/quickveemktg/quickvee-help-assets@main/mm274/MM-274-09.png"
"mm274/MM-274-10.png",111262,a3efd5dce2457336944b7542254718d42d9c03802892c68b275885b25b1fceca,"https://cdn.jsdelivr.net/gh/quickveemktg/quickvee-help-assets@main/mm274/MM-274-10.png"
"mm274/MM-274-11.png",133122,0cda745086b6ef102a58839f9a22ccfb2574ad742975c64472c5914d79b20c41,"https://cdn.jsdelivr.net/gh/quickveemktg/quickvee-help-assets@main/mm274/MM-274-11.png"
